{
    "total_runtime": 169.78844690322876,
    "num_documents": 2,
    "input_load_time": 0,
    "workflows": {
        "create_base_text_units": {
            "overall": 1.4830169677734375
        },
        "create_final_documents": {
            "overall": 0.04637575149536133
        },
        "extract_graph": {
            "overall": 26.608377695083618
        },
        "compute_communities": {
            "overall": 12.847462177276611
        },
        "create_final_entities": {
            "overall": 0.052442073822021484
        },
        "create_final_relationships": {
            "overall": 0.07219243049621582
        },
        "create_final_nodes": {
            "overall": 0.07483172416687012
        },
        "create_final_communities": {
            "overall": 0.08853411674499512
        },
        "create_final_text_units": {
            "overall": 0.08377432823181152
        },
        "create_final_community_reports": {
            "overall": 126.18812799453735
        },
        "generate_text_embeddings": {
            "overall": 1.9764728546142578
        }
    }
}